acc position,acc_train,1_train,2_train,3_train,4_train,5_train,6_train,7_train,8_train,9_train,acc_test,1_test,2_test,3_test,4_test,5_test,6_test,7_test,8_test,9_test
acc_pos_0,0.5075987841945289,0.517890470857996,0.5203434117207913,0.5169839492347891,0.5222631045699355,0.5194368900975844,0.5211966085426332,0.520183437316696,0.5216765317549192,0.522049805364475,0.5546062936067208,0.5185818026484409,0.44881104940908445,0.4342873415919123,0.453794674640467,0.4332906165456358,0.43642318097679056,0.4483838815321088,0.45123166737861314,0.44482414922397834
acc_pos_1,0.5170905988375193,0.5277555591105423,0.5534581133685277,0.5670026129152669,0.5689756305657762,0.5729216658667946,0.5732416146749854,0.5731882898736202,0.5758545299418759,0.5736148882845411,0.5662822155773886,0.5466324932365086,0.4933788979068774,0.44710237790118185,0.49836252313826,0.44140680620817313,0.4703118325501922,0.4784280222127296,0.506193934216147,0.5077602164317243
acc_pos_2,0.5231696261931424,0.5572441742654508,0.5551111822108462,0.5544179597930998,0.5634298512238042,0.5723350930517784,0.5738815122913667,0.5771876499760038,0.5769743507705434,0.5769743507705434,0.5725473444396981,0.5402249750818738,0.4778584650434287,0.43613840239214013,0.4973657980919835,0.43727751673074183,0.49551473729175566,0.49038872276804785,0.523280649295173,0.5281218852342304
acc_pos_3,0.5198101637071402,0.5617234575801205,0.5700954513944435,0.5643896976483762,0.56380312483336,0.5696155281821575,0.5713219218258412,0.5758012051405108,0.574948008318669,0.5728683410654295,0.5640039869001852,0.569841947885519,0.5177274668944896,0.45194361384023923,0.5470596611134843,0.45294033888651575,0.520005695571693,0.5163035739712374,0.5443542645593051,0.5487683326213869
acc_pos_4,0.5271156614941609,0.5545779341971951,0.5580440462859276,0.5468991628006186,0.5555377806217672,0.5592705167173252,0.5649229456620274,0.5719618194422226,0.5729216658667946,0.5698821521889831,0.5406521429588494,0.5741136266552755,0.5204328634486687,0.45991741421045135,0.5417912572974513,0.45123166737861314,0.5124590630784565,0.5086145521856756,0.5427879823437277,0.5393706393279225
acc_pos_5,0.5179971204607263,0.5451394443555698,0.5578840718818322,0.548018983629286,0.553138164560337,0.5544712845944649,0.5613501839705647,0.5690822801685064,0.5722284434490481,0.5708953234149203,0.5360956856044425,0.5533247899757938,0.4932365086145522,0.45607290331767053,0.5266979923109782,0.443257867008401,0.4982201338459348,0.4873985476292183,0.5116047273245052,0.4939484550761783
acc_pos_6,0.5097851010504986,0.5149042819815496,0.5389004425958513,0.5384738441849304,0.5435397003146163,0.5482856076361116,0.5571375246627206,0.5673225617234576,0.5705220498053645,0.570308750599904,0.49793535526128435,0.5042004841235939,0.4674640467036879,0.4520860031325644,0.5145949024633347,0.445251317100954,0.4980777445536096,0.4919550049836252,0.5175850776021643,0.509468887939627
acc_pos_7,0.49896016637338025,0.5054657921399243,0.5369807497467072,0.5420466058763931,0.5500986508825254,0.5570308750599904,0.5644963472511065,0.5784141204074015,0.5841731989548339,0.584226523756199,0.48697137975224264,0.49380606578385305,0.47970952584365656,0.4644738715648583,0.5261284351416774,0.46475865014950873,0.5205752527409939,0.5116047273245052,0.5328207318809626,0.5313968389577104
acc_pos_8,0.5063723137631312,0.5126113155228497,0.5424198794859489,0.5414600330613768,0.5510051725057324,0.5561243534367835,0.5615634831760252,0.577720897989655,0.5865194902148989,0.586999413427185,0.4977929659689591,0.4915278371066496,0.486544211875267,0.4674640467036879,0.531824006834686,0.46390431439555746,0.5245621529261,0.515449238217286,0.551473729175566,0.5550334614836965
acc_pos_9,0.505785740948115,0.5111715458859916,0.5323948168293073,0.5427931530955047,0.5550578574094811,0.560550311950088,0.5689756305657762,0.5822535061056897,0.5883325334613129,0.586039567002613,0.5101808344012531,0.5032037590773174,0.4932365086145522,0.47145094688879396,0.5224263135412217,0.4678912145806635,0.5261284351416774,0.5235654278798234,0.5641463761925103,0.5618681475153069
acc_pos_10,0.5170224119530417,0.5216648879402348,0.5468516542155817,0.5562966915688368,0.5708644610458912,0.5767876200640342,0.5800960512273212,0.5899679829242263,0.5966382070437567,0.5963180362860192,0.5337510680717744,0.5210766163486187,0.5061236115066933,0.49031614924522926,0.5348903446311593,0.4887496439760752,0.5384505838792367,0.5306180575334662,0.5756194816291654,0.5776132156080889
acc_pos_11,0.5141194683179416,0.5292264986921476,0.5508461004644211,0.5657929856403139,0.574013772487055,0.5803661986868094,0.5833021939892169,0.5937650136123419,0.6023594725884802,0.6017188917952276,0.5341119498646917,0.5410910126762569,0.5168779376157242,0.5010682238997294,0.5349665289844752,0.5013530836063239,0.5363908275174477,0.5314057826520439,0.585386697051702,0.5816835208659735
acc_pos_12,0.5270970153238294,0.545250680762454,0.5644722088739388,0.569170804634524,0.5803299695659139,0.5827860537134925,0.5833733781835656,0.5960275508569598,0.6053179561108442,0.6064392119173474,0.5455193047442656,0.5544949422994728,0.5230089756375552,0.5136059267701952,0.5409602507479698,0.5143182789571163,0.5446644821199601,0.5375409602507479,0.592107137768913,0.5965237213278245
acc_pos_13,0.5405939536374319,0.5637752376882812,0.5774489904924688,0.5848734109603675,0.5936331588505501,0.5990812947334686,0.5992415340241427,0.6095502617241748,0.6206067727806859,0.6191112060677278,0.5552387740555952,0.5736279401282965,0.5398431931575196,0.5317177476835353,0.5528153955808981,0.5327156094084106,0.5546685673556664,0.5501069137562367,0.6025659301496793,0.6055595153243051
acc_pos_14,0.5521829744028216,0.5786351734088602,0.5892160530112756,0.5974456260353764,0.6023619943354886,0.6059423929888313,0.606263025704056,0.6141719660129322,0.6233634371827073,0.6227756105381286,0.5606276747503567,0.5746077032810271,0.5432239657631954,0.5385164051355207,0.5520684736091298,0.540228245363766,0.5569186875891583,0.5527817403708987,0.5988587731811698,0.5994293865905849
acc_pos_15,0.586230876216968,0.6242109767839948,0.6477479405156735,0.6566277950144431,0.6594629292821226,0.6612816946613886,0.6631539531400449,0.6706964801540601,0.6800577725473413,0.6814485931314861,0.6057966876070817,0.6314962878355226,0.6066533409480297,0.6033695031410623,0.6150770988006853,0.6063677898343803,0.6200742432895489,0.6173615077098801,0.6546259280411194,0.6546259280411194
acc_pos_16,0.6104991671592069,0.6452635538122615,0.6678308527215088,0.6729353608081242,0.6771264306055559,0.6792219655042717,0.6783085272150878,0.6853473752082102,0.6897533716619204,0.6934608564827253,0.6032382862874337,0.6328986960882648,0.6218655967903711,0.6187132827052586,0.6257343458948273,0.6211491617710274,0.6314658260495774,0.6290299469838085,0.6629889669007021,0.6616993838658833
acc_pos_17,0.6323062859601011,0.6634403398397591,0.6944668494918536,0.7010270473732323,0.7085551433026832,0.7088777759853739,0.7110286605366457,0.7158143786632253,0.7216217669516589,0.7261386245093294,0.6277602523659306,0.6511327788930312,0.6560080298250646,0.6518497275595068,0.6591626039575567,0.6570117579581302,0.6644680240894751,0.662747347289934,0.6852595354172641,0.6866934327502151
acc_pos_18,0.654226618705036,0.6987410071942446,0.7379721223021583,0.7444919064748201,0.7502810251798561,0.75,0.7466839028776978,0.7534285071942446,0.7609599820143885,0.7629833633093526,0.6723044397463002,0.6963153125943824,0.706433101781939,0.7031108426457263,0.7123225611597704,0.7083962549078828,0.7141347025067956,0.7142857142857143,0.7315010570824524,0.7308970099667774
acc_pos_19,0.6844726120416478,0.7271389769126302,0.7738229968311453,0.784857401539158,0.7892145767315527,0.7916478044363966,0.7917609778180172,0.7952693526482572,0.8003055681303758,0.8047759167043911,0.7013540240377301,0.7278259546630154,0.7608397991784573,0.7587098737258482,0.767381713068614,0.7663167503423094,0.7682945382625894,0.7704244637151986,0.7816826411075612,0.7812262285105736
acc_pos_20,0.7058550724637681,0.7501449275362319,0.7973333333333333,0.8102608695652174,0.8161159420289855,0.8171594202898551,0.8175652173913044,0.8211594202898551,0.8249275362318841,0.8271304347826087,0.7221701063164477,0.7484365228267668,0.7933083176985616,0.7942464040025016,0.8025328330206379,0.801594746716698,0.8036272670419012,0.8034709193245778,0.8136335209505942,0.8136335209505942
acc_pos_21,0.7186588921282799,0.7628158406219631,0.8135932944606414,0.8326652089407192,0.8386175898931001,0.8387998056365403,0.8397108843537415,0.8423226433430515,0.8443877551020408,0.8473032069970845,0.7395573306706607,0.7608587119321019,0.8174405059078049,0.8172740888666999,0.8269262772507905,0.8265934431685804,0.8282576135796306,0.8285904476618405,0.8339157929772009,0.835080712264936
acc_pos_22,0.7212341429208899,0.7657933320583923,0.8236756550009562,0.84636960540575,0.8507681519729713,0.8529355517307324,0.8535092751960222,0.8564416395741697,0.8587365334353286,0.8621151271753681,0.7352941176470589,0.76524064171123,0.8336898395721926,0.8336898395721926,0.8442067736185384,0.8445632798573975,0.8450980392156863,0.8458110516934046,0.850445632798574,0.8506238859180035
acc_pos_23,0.7271948890206151,0.7657248238161102,0.829019297898966,0.8580649410524929,0.8640584864651255,0.867088190739643,0.8687347691497069,0.8702496212869657,0.8732134624250807,0.8751893565171573,0.7366461939326261,0.7658663688814442,0.8451516843476643,0.8485017680997581,0.8579936720640238,0.8591103666480551,0.8600409454680812,0.8609715242881072,0.8635771449841801,0.8630187976921645
acc_pos_24,0.725114854517611,0.7602672977864402,0.8286927467631908,0.8641932340247808,0.8716413754698594,0.8740776834191842,0.8754698593902269,0.8786718641236252,0.8808993456772936,0.8821523040512321,0.7296060485475527,0.7556705133306805,0.8521687226422603,0.8551532033426184,0.8660962992439316,0.8666931953840031,0.8668921607640271,0.8676880222841226,0.8714683645045762,0.8712693991245524
acc_pos_25,0.7256894049346879,0.7543541364296081,0.8284470246734398,0.8675616835994194,0.8760522496371553,0.8793904208998549,0.8813497822931785,0.8835994194484761,0.8859941944847606,0.8868650217706822,0.7230962869729389,0.7528844136773652,0.856303754982169,0.8602894902454373,0.8716173694147262,0.8728760226557584,0.8732955737361023,0.8735053492762744,0.8762324312985106,0.8762324312985106
acc_pos_26,0.7158969669257735,0.74409388812681,0.8270080780368846,0.8698369151044049,0.8787532388355433,0.8831732967535436,0.8845450388660265,0.8873647309861301,0.888812680993751,0.8895747599451304,0.7077433628318585,0.7400442477876106,0.8555309734513274,0.8619469026548673,0.8727876106194691,0.8743362831858407,0.8727876106194691,0.875,0.8774336283185841,0.8769911504424779
acc_pos_27,0.7057406663990365,0.732557205941389,0.8229626655961462,0.8689682858289843,0.8797270172621438,0.8829385788839823,0.8847049377759936,0.8866318747490968,0.8896025692492975,0.8902448815736652,0.7018316716902389,0.7284952469278925,0.8562485508926502,0.8618131231161604,0.875260839322977,0.8768838395548342,0.8771156967308138,0.8794342684906098,0.8796661256665894,0.8801298400185485
acc_pos_28,0.6973883740522325,0.7238416175231677,0.8208930075821399,0.8708508845829823,0.8834035383319292,0.8860151642796967,0.8878685762426285,0.8903117101937658,0.8920808761583825,0.8919966301600674,0.6915229536069953,0.7235851348068982,0.8566917658489192,0.8644644158367744,0.8790381345640029,0.8814670876852077,0.8817099829973282,0.8841389361185329,0.8853534126791353,0.883653145494292
acc_pos_29,0.6878801234023799,0.713706478624945,0.8171881886293522,0.8705156456588805,0.8838254737769943,0.8884971353018951,0.8906126046716615,0.891846628470692,0.8921992066989863,0.8924636403702071,0.6878787878787879,0.7191919191919192,0.8603535353535353,0.8686868686868687,0.8825757575757576,0.8858585858585859,0.8848484848484849,0.8878787878787879,0.8878787878787879,0.8866161616161616
acc_pos_30,0.6833211545487761,0.7120021921812203,0.8192363902082572,0.8736755571793935,0.8881074168797954,0.8922177566678845,0.8948666423090975,0.8962367555717939,0.8966934599926927,0.8965107782243332,0.6849529780564263,0.7168234064785789,0.8631138975966562,0.8714733542319749,0.8863636363636364,0.8894984326018809,0.8887147335423198,0.8928944618599791,0.8915882967607106,0.8897596656217346
acc_pos_31,0.6738776682301139,0.7088159280176127,0.8187039341437733,0.8759452474394563,0.891164927730449,0.8956638269359625,0.8983440222073322,0.8997798411027089,0.9002584474011678,0.8995883985833254,0.6791003839824465,0.7059791552386177,0.863960504662644,0.8727372462973121,0.8883708173340648,0.8913878222709819,0.8883708173340648,0.8938562808557323,0.8913878222709819,0.8902907295666483
acc_pos_32,0.6739216462208152,0.7071626434507321,0.8226157499010684,0.8819746735259201,0.8967154728927582,0.9016620498614959,0.9040364068064899,0.9054214483577364,0.9055203798971112,0.9052235852789869,0.6753941441441441,0.7074887387387387,0.8719031531531531,0.8789414414414415,0.8930180180180181,0.8975225225225225,0.893581081081081,0.8994932432432432,0.8966779279279279,0.8949887387387387
acc_pos_33,0.6664259927797834,0.7033522434244456,0.824342444559051,0.8845796802475503,0.8989169675090253,0.90293965961836,0.9054151624548736,0.9073749355337803,0.9082001031459516,0.9080969571944301,0.6725403817914831,0.6992657856093979,0.872834067547724,0.8784140969162996,0.8960352422907489,0.899265785609398,0.8963289280469897,0.9033773861967694,0.9001468428781204,0.8986784140969163
acc_pos_34,0.6708887934735939,0.7036281665951052,0.8238514383855732,0.885465865178188,0.9008158007728639,0.9063975955345642,0.9082224130528124,0.9102619149849721,0.9109059682267068,0.9106912838127952,0.6703263189996951,0.6989935956084172,0.8722171393717597,0.879231473010064,0.8987496187862153,0.9014943580359865,0.8981396767307106,0.9054589813967673,0.902714242146996,0.8999695028972248
acc_pos_35,0.6636312535132096,0.6983698707138842,0.8251826869027543,0.8884766722878021,0.9028667790893761,0.9087127599775154,0.9105115233277122,0.911973018549747,0.9132096683530073,0.91309724564362,0.657014157014157,0.6917631917631918,0.8748391248391248,0.8809523809523809,0.898970398970399,0.9015444015444015,0.898970398970399,0.9073359073359073,0.9034749034749034,0.898970398970399
acc_pos_36,0.662693260946536,0.6955033636256344,0.8263897084857783,0.8909477162752272,0.9052283724772808,0.9103033164168536,0.9131358432668476,0.9146701286439277,0.9158503481647586,0.915024194500177,0.6455311973018549,0.6762225969645869,0.8765598650927487,0.8843170320404722,0.8988195615514334,0.9028667790893761,0.8974704890387858,0.9072512647554806,0.9028667790893761,0.8994940978077571
acc_pos_37,0.6567090482656462,0.6909023577336131,0.8252067645969633,0.890877669423528,0.9072953956301691,0.9126033822984817,0.9144550055548698,0.9163066288112579,0.918158252067646,0.9170472781138131,0.6434108527131783,0.6730091613812544,0.8766737138830162,0.8823114869626497,0.8988724453840733,0.9038054968287527,0.8964059196617337,0.9080338266384778,0.9031007751937985,0.9006342494714588
acc_pos_38,0.6494200443112211,0.6821321517007689,0.8237977323080933,0.891567835266519,0.9078587254007559,0.913984100091229,0.9163299882705591,0.9181545679655937,0.9203701290238498,0.9197184934184803,0.6368029739776951,0.6646840148698885,0.8773234200743495,0.88364312267658,0.8996282527881041,0.9048327137546468,0.8955390334572491,0.9070631970260223,0.9014869888475836,0.8977695167286245
acc_pos_39,0.6434471365638766,0.6773127753303965,0.8233755506607929,0.8937224669603524,0.9095539647577092,0.9150605726872246,0.9171255506607929,0.9193281938325991,0.920704845814978,0.9202918502202643,0.6300236406619385,0.6635145784081954,0.8782505910165485,0.8853427895981087,0.9014972419227738,0.905043341213554,0.901103230890465,0.9113475177304965,0.904649330181245,0.9026792750197006
acc_pos_40,0.6320479111890155,0.6673970201577564,0.8201869704937189,0.8940987437919953,0.9101665205959685,0.915863277826468,0.918346479696173,0.9206836108676599,0.9217061057551855,0.9209757522640958,0.6248447204968944,0.6587991718426501,0.8782608695652174,0.8832298136645963,0.9014492753623189,0.9055900621118013,0.8997929606625259,0.9113871635610766,0.9039337474120083,0.9006211180124224
acc_pos_41,0.6268564356435643,0.6639851485148515,0.8179146039603961,0.8944925742574258,0.9116646039603961,0.9175433168316832,0.9193997524752475,0.9223391089108911,0.9232673267326733,0.9229579207920792,0.6164021164021164,0.6494708994708994,0.8761022927689595,0.8827160493827161,0.9012345679012346,0.9056437389770723,0.8990299823633157,0.91005291005291,0.9038800705467372,0.8994708994708994
acc_pos_42,0.6305346015086913,0.6651361102000656,0.8197769760577238,0.8966874385044277,0.9130862577894392,0.9188258445391931,0.921449655624795,0.9230895375532961,0.9239094785175468,0.9240734667103968,0.6103044496487119,0.6388758782201405,0.8740046838407494,0.882903981264637,0.9002341920374707,0.9049180327868852,0.8992974238875878,0.9096018735362997,0.9035128805620609,0.8978922716627634
acc_pos_43,0.6324607329842932,0.6593368237347295,0.8195462478184992,0.8977312390924956,0.9143106457242582,0.9197207678883071,0.9218150087260035,0.9247818499127399,0.925305410122164,0.924956369982548,0.599899849774662,0.628943415122684,0.8748122183274912,0.8838257386079119,0.8988482724086129,0.9048572859288934,0.8988482724086129,0.9103655483224837,0.9028542814221332,0.8948422633950927
acc_pos_44,0.6226060833646263,0.6511453248216298,0.8188133683815246,0.898047315058205,0.9149455501314308,0.9194517461509576,0.921704844160721,0.9248967330078859,0.9263987983477281,0.9252722493428465,0.5978891820580475,0.6295514511873351,0.8775725593667546,0.8844327176781003,0.9002638522427441,0.9055408970976253,0.8986807387862796,0.9118733509234829,0.9018469656992084,0.8986807387862796
acc_pos_45,0.6204819277108434,0.6487951807228916,0.8218875502008032,0.8995983935742972,0.9164658634538153,0.9206827309236948,0.922289156626506,0.9251004016064257,0.9273092369477912,0.9269076305220884,0.5957207207207207,0.6221846846846847,0.8789414414414415,0.8856981981981982,0.9037162162162162,0.9070945945945946,0.9042792792792793,0.9155405405405406,0.9042792792792793,0.8980855855855856
acc_pos_46,0.6095197070859358,0.6422571613181133,0.8203747576997631,0.8992031014430325,0.9160025845358605,0.9207409002799913,0.9228946801636873,0.9259099720008616,0.9282791298729269,0.9278483738961878,0.5954788816180845,0.6234384295062463,0.8822129684711482,0.8881618084473528,0.9107674003569304,0.9113622843545509,0.9083878643664486,0.9196906603212374,0.9083878643664486,0.9030339083878643
acc_pos_47,0.6045924225028703,0.6392652123995407,0.8206659012629162,0.8991963260619977,0.9152698048220437,0.9207807118254879,0.9230769230769231,0.9258323765786453,0.9281285878300803,0.9281285878300803,0.5822222222222222,0.6107936507936508,0.8825396825396825,0.8920634920634921,0.9092063492063492,0.9130158730158731,0.9060317460317461,0.9180952380952381,0.9053968253968254,0.9022222222222223
acc_pos_48,0.5976841586597684,0.6356245380635624,0.8194136486819413,0.8977580684897758,0.9150036954915004,0.9194382852919438,0.9228874106922887,0.9258438038925844,0.9283074648928308,0.9280610987928061,0.5855130784708249,0.6203890006706908,0.8839704896042925,0.8947015425888666,0.914822266934943,0.9161636485580148,0.9128101945003353,0.9242119382964453,0.9121395036887995,0.9081153588195842
acc_pos_49,0.5874769797421732,0.6264141015522231,0.8184688239936859,0.8995001315443304,0.9152854511970534,0.9205472244146278,0.9223888450407788,0.9252828203104446,0.927650618258353,0.927650618258353,0.5734767025089605,0.6164874551971327,0.8845878136200717,0.8974910394265233,0.9189964157706093,0.9218637992831541,0.9168458781362007,0.9261648745519713,0.9154121863799283,0.9082437275985663
acc_pos_50,0.5897291196388262,0.6258465011286681,0.8180022573363431,0.8984198645598194,0.9145033860045146,0.92127539503386,0.9229683972911964,0.926354401805869,0.9286117381489842,0.9283295711060948,0.5599694423223835,0.6042780748663101,0.8861726508785333,0.8976317799847212,0.9159663865546218,0.9213139801375095,0.9167303284950343,0.9251336898395722,0.9106187929717342,0.906035141329259
acc_pos_51,0.5828812537673297,0.6232670283303194,0.8188667872212176,0.8975286317058468,0.9159132007233273,0.9222423146473779,0.9243520192887281,0.9273658830620856,0.9297769740807715,0.9285714285714286,0.5650406504065041,0.6024390243902439,0.8869918699186992,0.8991869918699187,0.9154471544715447,0.9186991869918699,0.9154471544715447,0.9252032520325203,0.9121951219512195,0.9073170731707317
acc_pos_52,0.579406068431246,0.618786313750807,0.8182698515171078,0.89541639767592,0.9154293092317625,0.922207876049064,0.9244673983214977,0.9273724983860555,0.9299548095545513,0.9280180761781794,0.5501730103806228,0.5891003460207612,0.8875432525951558,0.8927335640138409,0.9152249134948097,0.921280276816609,0.9143598615916955,0.9238754325259516,0.907439446366782,0.903114186851211
acc_pos_53,0.585121107266436,0.6166089965397924,0.8124567474048443,0.8948096885813149,0.914878892733564,0.9204152249134948,0.9231833910034603,0.9262975778546713,0.9297577854671281,0.9273356401384083,0.5486561631139945,0.5810936051899908,0.8822984244670992,0.8943466172381835,0.917516218721038,0.9202965708989805,0.9147358665430955,0.9258572752548656,0.9091751621872104,0.9036144578313253
acc_pos_54,0.5838926174496645,0.6181953765846383,0.8146905294556301,0.8959731543624161,0.9179716629381058,0.9228187919463087,0.9246830723340791,0.9284116331096197,0.9313944817300522,0.9295302013422819,0.5457256461232605,0.5775347912524851,0.8886679920477137,0.8986083499005965,0.9184890656063618,0.9184890656063618,0.915506958250497,0.9264413518886679,0.9095427435387674,0.9075546719681908
acc_pos_55,0.5836371000405022,0.6225192385581207,0.8140947752126367,0.89469420818145,0.9165654110976104,0.9222357229647631,0.9230457675172135,0.9275010125556906,0.9311462130417173,0.9295261239368166,0.546031746031746,0.5873015873015873,0.8888888888888888,0.8962962962962963,0.9238095238095239,0.9206349206349206,0.9185185185185185,0.9312169312169312,0.9132275132275133,0.9068783068783068
acc_pos_56,0.5728798586572438,0.6073321554770318,0.8131625441696113,0.8953180212014135,0.9169611307420494,0.9213780918727915,0.9222614840989399,0.9275618374558304,0.931095406360424,0.9302120141342756,0.5474285714285714,0.5805714285714285,0.896,0.9005714285714286,0.9257142857142857,0.9291428571428572,0.9211428571428572,0.9337142857142857,0.9142857142857143,0.9051428571428571
acc_pos_57,0.5834522111269614,0.628150261531146,0.8135996195910604,0.8977650974797908,0.9196386115073705,0.9248692344270091,0.9248692344270091,0.9310508796956728,0.9343794579172611,0.9339039467427485,0.5333333333333333,0.5696969696969697,0.8993939393939394,0.9054545454545454,0.926060606060606,0.9284848484848485,0.9212121212121213,0.9345454545454546,0.9139393939393939,0.9103030303030303
acc_pos_58,0.5811437403400309,0.6239052035033488,0.8114374034003091,0.8974755280783101,0.919629057187017,0.9252962390520351,0.9247810407006698,0.9319938176197836,0.9350850077279753,0.93456980937661,0.5149156939040207,0.5512321660181583,0.893644617380026,0.9014267185473411,0.9260700389105059,0.9260700389105059,0.920881971465629,0.9351491569390402,0.914396887159533,0.9092088197146563
acc_pos_59,0.5723868082727781,0.6232532140860816,0.8183342649524874,0.8965902738960313,0.9200670765790945,0.9239798770262717,0.9262157629960872,0.9329234209055338,0.9357182783678032,0.9357182783678032,0.5212620027434842,0.5555555555555556,0.8998628257887518,0.9053497942386831,0.9314128943758574,0.9314128943758574,0.9286694101508917,0.9410150891632373,0.9176954732510288,0.9108367626886146
acc_pos_60,0.5806646525679758,0.6314199395770392,0.8132930513595166,0.8978851963746224,0.9244712990936556,0.9268882175226586,0.9268882175226586,0.9341389728096676,0.9371601208459215,0.9377643504531722,0.5161764705882353,0.5573529411764706,0.8985294117647059,0.9058823529411765,0.9338235294117647,0.9352941176470588,0.9279411764705883,0.9426470588235294,0.9191176470588235,0.9147058823529411
acc_pos_61,0.5791884816753927,0.6223821989528796,0.8154450261780105,0.899869109947644,0.9260471204188482,0.9299738219895288,0.9286649214659686,0.9358638743455497,0.9410994764397905,0.9404450261780105,0.5047619047619047,0.5555555555555556,0.9047619047619048,0.9079365079365079,0.9365079365079365,0.9380952380952381,0.9285714285714286,0.9412698412698413,0.9142857142857143,0.9111111111111111
acc_pos_62,0.5767869780608634,0.6277423920736023,0.8096249115357396,0.9002123142250531,0.9235668789808917,0.9278131634819533,0.9278131634819533,0.9341825902335457,0.9391365888181175,0.9398443029016278,0.5145299145299145,0.5726495726495726,0.9076923076923077,0.9179487179487179,0.9384615384615385,0.9401709401709402,0.935042735042735,0.9452991452991453,0.9230769230769231,0.9145299145299145
acc_pos_63,0.5730680948737567,0.6166794185156848,0.8056618209640398,0.9035960214231064,0.9257842387146136,0.9303749043611323,0.9288446824789595,0.9349655700076511,0.9387911247130833,0.9395562356541699,0.5083798882681564,0.5567970204841713,0.8994413407821229,0.9087523277467412,0.9441340782122905,0.9459962756052142,0.9385474860335196,0.9515828677839852,0.925512104283054,0.9180633147113594
acc_pos_64,0.5829892650701899,0.6151940545004129,0.8034682080924855,0.9017341040462428,0.9199009083402147,0.9265070189925682,0.925681255161024,0.9314616019818331,0.9364161849710982,0.9364161849710982,0.5099206349206349,0.5595238095238095,0.9067460317460317,0.9206349206349206,0.9523809523809523,0.9543650793650794,0.9444444444444444,0.9623015873015873,0.9345238095238095,0.9305555555555556
acc_pos_65,0.5711759504862953,0.6038903625110522,0.8063660477453581,0.9018567639257294,0.9204244031830239,0.9274977895667551,0.9257294429708223,0.9310344827586207,0.9381078691423519,0.9372236958443855,0.47161572052401746,0.5218340611353712,0.9061135371179039,0.9235807860262009,0.9519650655021834,0.9541484716157205,0.9454148471615721,0.9606986899563319,0.9344978165938864,0.9301310043668122
acc_pos_66,0.553656220322887,0.6096866096866097,0.8110161443494777,0.9069325735992403,0.9221272554605888,0.9278252611585945,0.9259259259259259,0.9344729344729344,0.9411206077872745,0.9392212725546059,0.48729792147806006,0.5311778290993071,0.9145496535796767,0.9214780600461894,0.9561200923787528,0.9630484988452656,0.953810623556582,0.9699769053117783,0.9422632794457275,0.9376443418013857
acc_pos_67,0.5434782608695652,0.5890269151138716,0.8229813664596274,0.9099378881987578,0.922360248447205,0.9285714285714286,0.927536231884058,0.9347826086956522,0.9409937888198758,0.9389233954451346,0.47512437810945274,0.5124378109452736,0.9253731343283582,0.9253731343283582,0.9552238805970149,0.9626865671641791,0.9527363184079602,0.9701492537313433,0.9378109452736318,0.9328358208955224
acc_pos_68,0.5607064017660044,0.5750551876379691,0.8156732891832229,0.9161147902869757,0.9271523178807947,0.934878587196468,0.934878587196468,0.9403973509933775,0.9459161147902869,0.9448123620309051,0.4786096256684492,0.5213903743315508,0.9278074866310161,0.9331550802139037,0.9598930481283422,0.9652406417112299,0.9518716577540107,0.9705882352941176,0.9358288770053476,0.93048128342246
acc_pos_69,0.542654028436019,0.5793838862559242,0.8246445497630331,0.919431279620853,0.9300947867298578,0.933649289099526,0.9348341232227488,0.9395734597156398,0.9466824644549763,0.9454976303317536,0.45535714285714285,0.5148809523809523,0.9255952380952381,0.9375,0.9583333333333334,0.9672619047619048,0.9523809523809523,0.9672619047619048,0.9315476190476191,0.9285714285714286
acc_pos_70,0.5447570332480819,0.5946291560102301,0.8312020460358056,0.9194373401534527,0.9309462915601023,0.9347826086956522,0.9347826086956522,0.9398976982097187,0.948849104859335,0.9475703324808185,0.43278688524590164,0.4918032786885246,0.9245901639344263,0.9344262295081968,0.9540983606557377,0.9639344262295082,0.9475409836065574,0.9639344262295082,0.9311475409836065,0.921311475409836
acc_pos_71,0.5354659248956884,0.5938803894297635,0.8317107093184979,0.9151599443671766,0.9290681502086231,0.933240611961057,0.9346314325452016,0.9415855354659249,0.9471488178025035,0.9457579972183588,0.4726027397260274,0.5034246575342466,0.9246575342465754,0.9315068493150684,0.958904109589041,0.9657534246575342,0.952054794520548,0.9691780821917808,0.9383561643835616,0.928082191780822
acc_pos_72,0.5409090909090909,0.5757575757575758,0.8257575757575758,0.9090909090909091,0.9287878787878788,0.9303030303030303,0.9318181818181818,0.9378787878787879,0.9454545454545454,0.9424242424242424,0.48518518518518516,0.5296296296296297,0.9259259259259259,0.9333333333333333,0.9592592592592593,0.9740740740740741,0.9592592592592593,0.9740740740740741,0.9407407407407408,0.9333333333333333
acc_pos_73,0.5303776683087028,0.5747126436781609,0.8226600985221675,0.9113300492610837,0.9277504105090312,0.9293924466338259,0.9310344827586207,0.9376026272577996,0.9441707717569786,0.9408866995073891,0.4878048780487805,0.5284552845528455,0.9308943089430894,0.926829268292683,0.9552845528455285,0.9715447154471545,0.9552845528455285,0.9715447154471545,0.9390243902439024,0.926829268292683
acc_pos_74,0.5229681978798587,0.568904593639576,0.823321554770318,0.911660777385159,0.9293286219081273,0.9346289752650176,0.9328621908127208,0.941696113074205,0.9469964664310954,0.9434628975265018,0.49327354260089684,0.5426008968609866,0.9147982062780269,0.9192825112107623,0.9506726457399103,0.968609865470852,0.9551569506726457,0.968609865470852,0.9327354260089686,0.9237668161434978
acc_pos_75,0.5229885057471264,0.5555555555555556,0.8180076628352491,0.9157088122605364,0.9291187739463601,0.9348659003831418,0.9329501915708812,0.9444444444444444,0.9501915708812261,0.9482758620689655,0.4729064039408867,0.5270935960591133,0.9113300492610837,0.9211822660098522,0.9458128078817734,0.9655172413793104,0.9507389162561576,0.9655172413793104,0.9261083743842364,0.9261083743842364
acc_pos_76,0.5082644628099173,0.5351239669421488,0.8119834710743802,0.9111570247933884,0.9256198347107438,0.9318181818181818,0.9297520661157025,0.9421487603305785,0.9483471074380165,0.9462809917355371,0.4919786096256685,0.5187165775401069,0.9144385026737968,0.9197860962566845,0.9518716577540107,0.9732620320855615,0.9572192513368984,0.9732620320855615,0.93048128342246,0.93048128342246
acc_pos_77,0.5133928571428571,0.5379464285714286,0.8125,0.9040178571428571,0.9196428571428571,0.9308035714285714,0.9263392857142857,0.9397321428571429,0.9464285714285714,0.9441964285714286,0.5,0.5172413793103449,0.9195402298850575,0.9195402298850575,0.9482758620689655,0.9712643678160919,0.9540229885057471,0.9712643678160919,0.9252873563218391,0.9310344827586207
acc_pos_78,0.5253012048192771,0.5397590361445783,0.8048192771084337,0.9012048192771084,0.9228915662650602,0.9325301204819277,0.927710843373494,0.9421686746987952,0.9518072289156626,0.946987951807229,0.4551282051282051,0.47435897435897434,0.9166666666666666,0.9166666666666666,0.9423076923076923,0.967948717948718,0.9487179487179487,0.967948717948718,0.9230769230769231,0.9294871794871795
acc_pos_79,0.4961439588688946,0.5475578406169666,0.8046272493573264,0.897172236503856,0.9177377892030848,0.9305912596401028,0.9254498714652957,0.9383033419023136,0.9485861182519281,0.9460154241645244,0.4557823129251701,0.4897959183673469,0.9251700680272109,0.9183673469387755,0.9455782312925171,0.9727891156462585,0.9591836734693877,0.9795918367346939,0.9319727891156463,0.9319727891156463
acc_pos_80,0.5217391304347826,0.5625,0.7961956521739131,0.904891304347826,0.9211956521739131,0.9320652173913043,0.9266304347826086,0.9402173913043478,0.9538043478260869,0.9510869565217391,0.45588235294117646,0.4632352941176471,0.9264705882352942,0.9264705882352942,0.9485294117647058,0.9779411764705882,0.9558823529411765,0.9779411764705882,0.9264705882352942,0.9264705882352942
acc_pos_81,0.52046783625731,0.5555555555555556,0.7982456140350878,0.9035087719298246,0.9210526315789473,0.9327485380116959,0.9327485380116959,0.9415204678362573,0.9532163742690059,0.956140350877193,0.49606299212598426,0.5039370078740157,0.9291338582677166,0.9291338582677166,0.9448818897637795,0.9763779527559056,0.952755905511811,0.9763779527559056,0.937007874015748,0.9291338582677166
acc_pos_82,0.5434083601286174,0.5401929260450161,0.8038585209003215,0.9067524115755627,0.9196141479099679,0.9260450160771704,0.9292604501607717,0.9356913183279743,0.9485530546623794,0.9517684887459807,0.45689655172413796,0.46551724137931033,0.9396551724137931,0.9310344827586207,0.9482758620689655,0.9741379310344828,0.9482758620689655,0.9741379310344828,0.9224137931034483,0.9224137931034483
acc_pos_83,0.5578947368421052,0.5578947368421052,0.7929824561403509,0.9087719298245615,0.9263157894736842,0.9333333333333333,0.9333333333333333,0.9333333333333333,0.9473684210526315,0.9508771929824561,0.42857142857142855,0.42857142857142855,0.9333333333333333,0.9238095238095239,0.9428571428571428,0.9714285714285714,0.9619047619047619,0.9714285714285714,0.9238095238095239,0.9333333333333333
acc_pos_84,0.5617977528089888,0.5430711610486891,0.7940074906367042,0.9138576779026217,0.9250936329588015,0.9288389513108615,0.9250936329588015,0.9363295880149812,0.951310861423221,0.947565543071161,0.44,0.4,0.92,0.92,0.94,0.97,0.96,0.97,0.94,0.93
acc_pos_85,0.5650406504065041,0.5691056910569106,0.7926829268292683,0.9227642276422764,0.9308943089430894,0.9349593495934959,0.9308943089430894,0.9349593495934959,0.9471544715447154,0.9471544715447154,0.43617021276595747,0.44680851063829785,0.9361702127659575,0.9361702127659575,0.9468085106382979,0.9787234042553191,0.9574468085106383,0.9787234042553191,0.9468085106382979,0.9361702127659575
acc_pos_86,0.5431034482758621,0.5646551724137931,0.7758620689655172,0.9181034482758621,0.9267241379310345,0.9310344827586207,0.9267241379310345,0.9310344827586207,0.9439655172413793,0.9439655172413793,0.3950617283950617,0.4074074074074074,0.9753086419753086,0.9753086419753086,0.9753086419753086,0.9876543209876543,0.9753086419753086,0.9876543209876543,0.9629629629629629,0.9506172839506173
acc_pos_87,0.5681818181818182,0.6090909090909091,0.7818181818181819,0.9090909090909091,0.9181818181818182,0.9272727272727272,0.9227272727272727,0.9272727272727272,0.9409090909090909,0.9409090909090909,0.4177215189873418,0.43037974683544306,0.9620253164556962,0.9746835443037974,0.9746835443037974,0.9873417721518988,0.9620253164556962,0.9746835443037974,0.9493670886075949,0.9493670886075949
acc_pos_88,0.5355450236966824,0.5876777251184834,0.7772511848341233,0.9146919431279621,0.9289099526066351,0.9241706161137441,0.9241706161137441,0.9289099526066351,0.943127962085308,0.943127962085308,0.44,0.49333333333333335,0.96,0.9733333333333334,0.9733333333333334,0.9866666666666667,0.96,0.9733333333333334,0.9466666666666667,0.9466666666666667
acc_pos_89,0.5505050505050505,0.5757575757575758,0.7929292929292929,0.9191919191919192,0.9242424242424242,0.9393939393939394,0.9191919191919192,0.9292929292929293,0.9393939393939394,0.9393939393939394,0.43478260869565216,0.4782608695652174,0.9565217391304348,0.9710144927536232,0.9710144927536232,0.9855072463768116,0.9565217391304348,0.9855072463768116,0.9565217391304348,0.9420289855072463
acc_pos_90,0.5891891891891892,0.6216216216216216,0.7783783783783784,0.9243243243243243,0.9297297297297298,0.9459459459459459,0.9135135135135135,0.9243243243243243,0.9351351351351351,0.9351351351351351,0.3548387096774194,0.4032258064516129,0.9516129032258065,0.967741935483871,0.967741935483871,0.9838709677419355,0.967741935483871,0.9838709677419355,0.9516129032258065,0.9354838709677419
acc_pos_91,0.5621301775147929,0.6094674556213018,0.7928994082840237,0.9230769230769231,0.9289940828402367,0.9408284023668639,0.9112426035502958,0.9171597633136095,0.9349112426035503,0.9408284023668639,0.43333333333333335,0.5,0.95,0.9666666666666667,0.9666666666666667,0.9833333333333333,0.9666666666666667,0.9833333333333333,0.95,0.9333333333333333
acc_pos_92,0.5443037974683544,0.6012658227848101,0.7848101265822784,0.9240506329113924,0.930379746835443,0.9430379746835443,0.9113924050632911,0.9177215189873418,0.9367088607594937,0.9430379746835443,0.375,0.48214285714285715,0.9821428571428571,0.9642857142857143,0.9821428571428571,0.9821428571428571,0.9821428571428571,0.9821428571428571,0.9464285714285714,0.9464285714285714
acc_pos_93,0.5673758865248227,0.6453900709219859,0.7801418439716312,0.9148936170212766,0.9219858156028369,0.9290780141843972,0.9078014184397163,0.9078014184397163,0.9219858156028369,0.9219858156028369,0.3584905660377358,0.49056603773584906,0.9622641509433962,0.9622641509433962,0.9811320754716981,0.9811320754716981,0.9811320754716981,0.9811320754716981,0.9433962264150944,0.9433962264150944
acc_pos_94,0.5538461538461539,0.6307692307692307,0.7923076923076923,0.9230769230769231,0.9230769230769231,0.9307692307692308,0.9076923076923077,0.9076923076923077,0.9230769230769231,0.9307692307692308,0.35294117647058826,0.43137254901960786,0.9607843137254902,0.9607843137254902,0.9803921568627451,0.9803921568627451,0.9803921568627451,0.9803921568627451,0.9607843137254902,0.9607843137254902
acc_pos_95,0.5537190082644629,0.6446280991735537,0.8347107438016529,0.9173553719008265,0.9173553719008265,0.9256198347107438,0.9008264462809917,0.9008264462809917,0.9173553719008265,0.9256198347107438,0.3333333333333333,0.43137254901960786,0.9607843137254902,0.9607843137254902,0.9803921568627451,0.9803921568627451,0.9803921568627451,0.9803921568627451,0.9607843137254902,0.9607843137254902
acc_pos_96,0.5855855855855856,0.6306306306306306,0.8288288288288288,0.9099099099099099,0.9099099099099099,0.918918918918919,0.8918918918918919,0.8918918918918919,0.9099099099099099,0.918918918918919,0.35555555555555557,0.4,0.9555555555555556,0.9555555555555556,0.9777777777777777,0.9777777777777777,0.9777777777777777,0.9777777777777777,0.9555555555555556,0.9555555555555556
acc_pos_97,0.6,0.6,0.83,0.9,0.9,0.91,0.89,0.89,0.91,0.92,0.4523809523809524,0.5,0.9523809523809523,0.9523809523809523,0.9761904761904762,0.9761904761904762,0.9761904761904762,0.9761904761904762,0.9761904761904762,0.9761904761904762
acc_pos_98,0.6326530612244898,0.6530612244897959,0.826530612244898,0.9081632653061225,0.9081632653061225,0.9183673469387755,0.8979591836734694,0.8979591836734694,0.9183673469387755,0.9285714285714286,0.4,0.45714285714285713,0.9428571428571428,0.9428571428571428,0.9714285714285714,0.9714285714285714,0.9714285714285714,0.9714285714285714,0.9714285714285714,0.9714285714285714
acc_pos_99,0.6304347826086957,0.5978260869565217,0.8369565217391305,0.9130434782608695,0.9130434782608695,0.9239130434782609,0.9021739130434783,0.9021739130434783,0.9130434782608695,0.9347826086956522,0.3448275862068966,0.3793103448275862,0.9310344827586207,0.9310344827586207,0.9310344827586207,0.9310344827586207,0.9310344827586207,0.9310344827586207,0.9310344827586207,0.9310344827586207
acc_pos_100,0.6046511627906976,0.5813953488372093,0.8255813953488372,0.9069767441860465,0.9069767441860465,0.9186046511627907,0.9186046511627907,0.8953488372093024,0.9186046511627907,0.9302325581395349,0.35714285714285715,0.39285714285714285,0.9285714285714286,0.9285714285714286,0.9285714285714286,0.9285714285714286,0.9285714285714286,0.9285714285714286,0.9285714285714286,0.9285714285714286
acc_pos_101,0.6623376623376623,0.6233766233766234,0.8181818181818182,0.8961038961038961,0.9090909090909091,0.935064935064935,0.922077922077922,0.9090909090909091,0.935064935064935,0.935064935064935,0.3076923076923077,0.34615384615384615,0.9230769230769231,0.9230769230769231,0.9230769230769231,0.9230769230769231,0.9230769230769231,0.9230769230769231,0.9230769230769231,0.9230769230769231
acc_pos_102,0.6268656716417911,0.5970149253731343,0.7761194029850746,0.8805970149253731,0.8805970149253731,0.9253731343283582,0.9104477611940298,0.8955223880597015,0.9253731343283582,0.9253731343283582,0.20833333333333334,0.3333333333333333,0.9166666666666666,0.9166666666666666,0.9166666666666666,0.9166666666666666,0.9166666666666666,0.9166666666666666,0.9166666666666666,0.9166666666666666
acc_pos_103,0.6949152542372882,0.6440677966101694,0.7796610169491526,0.864406779661017,0.864406779661017,0.9491525423728814,0.9152542372881356,0.9152542372881356,0.9322033898305084,0.9152542372881356,0.34782608695652173,0.43478260869565216,0.9130434782608695,0.9130434782608695,0.9130434782608695,0.9130434782608695,0.9130434782608695,0.9130434782608695,0.9130434782608695,0.9130434782608695
acc_pos_104,0.6415094339622641,0.6415094339622641,0.7735849056603774,0.9056603773584906,0.9056603773584906,0.9433962264150944,0.9056603773584906,0.9056603773584906,0.9245283018867925,0.9056603773584906,0.38095238095238093,0.42857142857142855,0.9047619047619048,0.9047619047619048,0.9047619047619048,0.9047619047619048,0.9047619047619048,0.9047619047619048,0.9047619047619048,0.9047619047619048
acc_pos_105,0.673469387755102,0.6326530612244898,0.8163265306122449,0.8979591836734694,0.9183673469387755,0.9387755102040817,0.8979591836734694,0.8979591836734694,0.9183673469387755,0.8979591836734694,0.3684210526315789,0.47368421052631576,1.0,0.9473684210526315,0.9473684210526315,0.9473684210526315,0.9473684210526315,0.9473684210526315,0.9473684210526315,0.9473684210526315
acc_pos_106,0.6458333333333334,0.6875,0.8125,0.8958333333333334,0.8958333333333334,0.9375,0.8958333333333334,0.8958333333333334,0.9166666666666666,0.8958333333333334,0.35294117647058826,0.29411764705882354,1.0,1.0,0.9411764705882353,0.9411764705882353,0.9411764705882353,0.9411764705882353,0.9411764705882353,0.9411764705882353
acc_pos_107,0.6521739130434783,0.6304347826086957,0.7608695652173914,0.9130434782608695,0.8913043478260869,0.9347826086956522,0.8913043478260869,0.8913043478260869,0.9130434782608695,0.8913043478260869,0.26666666666666666,0.26666666666666666,1.0,1.0,0.9333333333333333,0.9333333333333333,0.9333333333333333,0.9333333333333333,0.9333333333333333,0.9333333333333333
acc_pos_108,0.6904761904761905,0.6190476190476191,0.7619047619047619,0.9047619047619048,0.8809523809523809,0.9285714285714286,0.8809523809523809,0.8809523809523809,0.9047619047619048,0.8809523809523809,0.2857142857142857,0.35714285714285715,1.0,1.0,0.9285714285714286,0.9285714285714286,0.9285714285714286,0.9285714285714286,0.9285714285714286,0.9285714285714286
acc_pos_109,0.6585365853658537,0.7317073170731707,0.8048780487804879,0.926829268292683,0.9024390243902439,0.9512195121951219,0.9024390243902439,0.9024390243902439,0.926829268292683,0.9024390243902439,0.35714285714285715,0.42857142857142855,1.0,1.0,0.9285714285714286,0.9285714285714286,0.9285714285714286,0.9285714285714286,0.9285714285714286,0.9285714285714286
acc_pos_110,0.6756756756756757,0.7027027027027027,0.8648648648648649,0.918918918918919,0.8918918918918919,0.9459459459459459,0.918918918918919,0.918918918918919,0.9459459459459459,0.918918918918919,0.46153846153846156,0.5384615384615384,1.0,1.0,0.9230769230769231,0.9230769230769231,0.9230769230769231,0.9230769230769231,0.9230769230769231,0.9230769230769231
acc_pos_111,0.7428571428571429,0.7428571428571429,0.8571428571428571,0.9142857142857143,0.8857142857142857,0.9428571428571428,0.9142857142857143,0.9142857142857143,0.9428571428571428,0.9142857142857143,0.4166666666666667,0.5,1.0,1.0,0.9166666666666666,0.9166666666666666,0.9166666666666666,0.9166666666666666,0.9166666666666666,0.9166666666666666
acc_pos_112,0.7741935483870968,0.7741935483870968,0.8709677419354839,0.9032258064516129,0.8709677419354839,0.9354838709677419,0.9032258064516129,0.9032258064516129,0.9354838709677419,0.9032258064516129,0.4166666666666667,0.5,1.0,1.0,0.9166666666666666,0.9166666666666666,0.9166666666666666,0.9166666666666666,0.9166666666666666,0.9166666666666666
acc_pos_113,0.7083333333333334,0.7083333333333334,0.8333333333333334,0.875,0.8333333333333334,0.9166666666666666,0.875,0.875,0.9166666666666666,0.875,0.5833333333333334,0.6666666666666666,1.0,1.0,0.9166666666666666,0.9166666666666666,0.9166666666666666,0.9166666666666666,0.9166666666666666,0.9166666666666666
acc_pos_114,0.7083333333333334,0.6666666666666666,0.8333333333333334,0.875,0.8333333333333334,0.9166666666666666,0.875,0.875,0.9166666666666666,0.875,0.5454545454545454,0.6363636363636364,1.0,1.0,0.9090909090909091,0.9090909090909091,0.9090909090909091,0.9090909090909091,0.9090909090909091,0.9090909090909091
acc_pos_115,0.7083333333333334,0.75,0.7916666666666666,0.875,0.8333333333333334,0.9166666666666666,0.875,0.875,0.9166666666666666,0.875,0.4444444444444444,0.4444444444444444,1.0,1.0,0.8888888888888888,0.8888888888888888,0.8888888888888888,0.8888888888888888,0.8888888888888888,0.8888888888888888
acc_pos_116,0.6363636363636364,0.6818181818181818,0.7727272727272727,0.8636363636363636,0.8181818181818182,0.9090909090909091,0.8636363636363636,0.8636363636363636,0.9090909090909091,0.8636363636363636,0.6666666666666666,0.6666666666666666,1.0,1.0,0.8888888888888888,0.8888888888888888,0.8888888888888888,0.8888888888888888,0.8888888888888888,0.8888888888888888
acc_pos_117,0.6363636363636364,0.7272727272727273,0.7272727272727273,0.8636363636363636,0.8181818181818182,0.9090909090909091,0.8636363636363636,0.8636363636363636,0.9090909090909091,0.8636363636363636,0.5,0.3333333333333333,1.0,1.0,0.8333333333333334,0.8333333333333334,0.8333333333333334,0.8333333333333334,0.8333333333333334,0.8333333333333334
acc_pos_118,0.631578947368421,0.631578947368421,0.6842105263157895,0.8421052631578947,0.7894736842105263,0.8947368421052632,0.8421052631578947,0.8421052631578947,0.8947368421052632,0.8421052631578947,0.6666666666666666,0.5,1.0,1.0,0.8333333333333334,0.8333333333333334,0.8333333333333334,0.8333333333333334,0.8333333333333334,0.8333333333333334
acc_pos_119,0.6111111111111112,0.6111111111111112,0.6666666666666666,0.8888888888888888,0.7777777777777778,0.8888888888888888,0.8333333333333334,0.8333333333333334,0.8888888888888888,0.8333333333333334,0.6,0.4,1.0,1.0,0.8,0.8,0.8,0.8,0.8,0.8
acc_pos_120,0.5625,0.5625,0.625,0.875,0.8125,0.875,0.8125,0.8125,0.875,0.8125,0.6,0.4,1.0,1.0,0.8,0.8,0.8,0.8,0.8,0.8
acc_pos_121,0.5625,0.625,0.75,0.9375,0.875,0.9375,0.875,0.875,0.9375,0.875,0.6,0.6,1.0,1.0,0.8,0.8,0.8,0.8,0.8,0.8
acc_pos_122,0.6428571428571429,0.7142857142857143,0.7857142857142857,0.8571428571428571,0.8571428571428571,0.9285714285714286,0.8571428571428571,0.8571428571428571,0.9285714285714286,0.8571428571428571,0.5,0.5,1.0,1.0,0.75,0.75,0.75,0.75,0.75,0.75
acc_pos_123,0.5833333333333334,0.6666666666666666,0.75,0.8333333333333334,0.9166666666666666,0.9166666666666666,0.9166666666666666,0.9166666666666666,0.9166666666666666,0.9166666666666666,0.5,0.5,1.0,1.0,0.75,0.75,0.75,0.75,0.75,0.75
acc_pos_124,0.5,0.6,0.8,0.9,1.0,1.0,1.0,1.0,1.0,1.0,0.75,0.75,1.0,1.0,0.75,0.75,0.75,0.75,0.75,0.75
acc_pos_125,0.6666666666666666,0.6666666666666666,0.8888888888888888,1.0,1.0,1.0,1.0,1.0,1.0,1.0,0.75,0.75,1.0,1.0,0.75,0.75,0.75,0.75,0.75,0.75
acc_pos_126,0.625,0.75,0.875,1.0,1.0,1.0,1.0,1.0,1.0,1.0,0.5,0.5,1.0,1.0,0.5,0.5,0.5,0.5,0.5,0.5
acc_pos_127,0.5714285714285714,0.7142857142857143,0.8571428571428571,1.0,1.0,1.0,1.0,1.0,1.0,1.0,0.5,0.5,1.0,1.0,0.5,0.5,0.5,0.5,0.5,0.5
acc_pos_128,0.6,0.8,0.8,1.0,1.0,1.0,1.0,1.0,1.0,1.0,0.5,0.5,1.0,1.0,0.5,0.5,0.5,0.5,0.5,0.5
acc_pos_129,0.75,1.0,1.0,1.0,1.0,1.0,1.0,1.0,1.0,1.0,1.0,1.0,1.0,1.0,0.5,0.5,0.5,0.5,0.5,0.5
acc_pos_130,0.75,1.0,1.0,1.0,1.0,1.0,1.0,1.0,1.0,1.0,1.0,1.0,1.0,1.0,1.0,1.0,1.0,1.0,1.0,1.0
acc_pos_131,0.75,1.0,1.0,1.0,1.0,1.0,1.0,1.0,1.0,1.0,1.0,1.0,1.0,1.0,1.0,1.0,1.0,1.0,1.0,1.0
acc_pos_132,0.75,1.0,1.0,1.0,1.0,1.0,1.0,1.0,1.0,1.0,1.0,1.0,1.0,1.0,1.0,1.0,1.0,1.0,1.0,1.0
acc_pos_133,0.75,1.0,1.0,1.0,1.0,1.0,1.0,1.0,1.0,1.0,1.0,1.0,1.0,1.0,1.0,1.0,1.0,1.0,1.0,1.0
acc_pos_134,1.0,1.0,1.0,1.0,1.0,1.0,1.0,1.0,1.0,1.0,1.0,1.0,1.0,1.0,1.0,1.0,1.0,1.0,1.0,1.0
acc_pos_135,1.0,1.0,1.0,1.0,1.0,1.0,1.0,1.0,1.0,1.0,1.0,1.0,1.0,1.0,1.0,1.0,1.0,1.0,1.0,1.0
acc_pos_136,0.75,1.0,1.0,1.0,1.0,1.0,1.0,1.0,1.0,1.0,1.0,1.0,1.0,1.0,1.0,1.0,1.0,1.0,1.0,1.0
acc_pos_137,0.75,1.0,1.0,1.0,1.0,1.0,1.0,1.0,1.0,1.0,1.0,1.0,1.0,1.0,1.0,1.0,1.0,1.0,1.0,1.0
acc_pos_138,0.75,1.0,1.0,1.0,1.0,1.0,1.0,1.0,1.0,1.0,1.0,1.0,1.0,1.0,1.0,1.0,1.0,1.0,1.0,1.0
acc_pos_139,0.75,1.0,1.0,1.0,1.0,1.0,1.0,1.0,1.0,1.0,1.0,1.0,1.0,1.0,1.0,1.0,1.0,1.0,1.0,1.0
acc_pos_140,0.75,1.0,1.0,1.0,1.0,1.0,1.0,1.0,1.0,1.0,1.0,1.0,1.0,1.0,1.0,1.0,1.0,1.0,1.0,1.0
acc_pos_141,0.5,0.75,1.0,1.0,1.0,1.0,1.0,1.0,1.0,1.0,1.0,1.0,1.0,1.0,1.0,1.0,1.0,1.0,1.0,1.0
acc_pos_142,0.75,0.75,1.0,1.0,1.0,1.0,1.0,1.0,1.0,1.0,1.0,1.0,1.0,1.0,1.0,1.0,1.0,1.0,1.0,1.0
acc_pos_143,0.75,0.75,1.0,1.0,1.0,1.0,1.0,1.0,1.0,1.0,1.0,1.0,1.0,1.0,1.0,1.0,1.0,1.0,1.0,1.0
acc_pos_144,0.75,0.75,1.0,1.0,1.0,1.0,1.0,1.0,1.0,1.0,1.0,1.0,1.0,1.0,1.0,1.0,1.0,1.0,1.0,1.0
acc_pos_145,0.6666666666666666,0.6666666666666666,1.0,1.0,1.0,1.0,1.0,1.0,1.0,1.0,1.0,1.0,1.0,1.0,1.0,1.0,1.0,1.0,1.0,1.0
acc_pos_146,0.5,0.5,1.0,1.0,1.0,1.0,1.0,1.0,1.0,1.0,1.0,1.0,1.0,1.0,1.0,1.0,1.0,1.0,1.0,1.0
